---
title: 经典SQL练习题
date: 2021-02-02 05:40:42
tags:
	- MySQL
	- 数据库
categories:
	- MySQL
cover:
	https://gitee.com/jasonM4A1/pictureHost/raw/master/img/20210202054144.jpg
---

# 数据准备

**学生表 Student**

```
create table Student(Sid varchar(6), Sname varchar(10), Sage datetime, Ssex varchar(10));
insert into Student values('01' , '赵雷' , '1990-01-01' , '男');
insert into Student values('02' , '钱电' , '1990-12-21' , '男');
insert into Student values('03' , '孙风' , '1990-05-20' , '男');
insert into Student values('04' , '李云' , '1990-08-06' , '男');
insert into Student values('05' , '周梅' , '1991-12-01' , '女');
insert into Student values('06' , '吴兰' , '1992-03-01' , '女');
insert into Student values('07' , '郑竹' , '1989-07-01' , '女');
insert into Student values('08' , '王菊' , '1990-01-20' , '女');
```

**成绩表 SC**

```
create table SC(Sid varchar(10), Cid varchar(10), score decimal(18,1));
insert into SC values('01' , '01' , 80);
insert into SC values('01' , '02' , 90);
insert into SC values('01' , '03' , 99);
insert into SC values('02' , '01' , 70);
insert into SC values('02' , '02' , 60);
insert into SC values('02' , '03' , 80);
insert into SC values('03' , '01' , 80);
insert into SC values('03' , '02' , 80);
insert into SC values('03' , '03' , 80);
insert into SC values('04' , '01' , 50);
insert into SC values('04' , '02' , 30);
insert into SC values('04' , '03' , 20);
insert into SC values('05' , '01' , 76);
insert into SC values('05' , '02' , 87);
insert into SC values('06' , '01' , 31);
insert into SC values('06' , '03' , 34);
insert into SC values('07' , '02' , 89);
insert into SC values('07' , '03' , 98);
```

**课程表 Cource**

```
create table Course(Cid varchar(10),Cname varchar(10),Tid varchar(10));
insert into Course values('01' , '语文' , '02');
insert into Course values('02' , '数学' , '01');
insert into Course values('03' , '英语' , '03');
```

**教师表 Teacher**

```
create table Teacher(Tid varchar(10),Tname varchar(10));
insert into Teacher values('01' , '张三');
insert into Teacher values('02' , '李四');
insert into Teacher values('03' , '王五');
```

# 表关系图

[![img](https://gitee.com/jasonM4A1/pictureHost/raw/master/20201202092839.png)](https://gitee.com/jasonM4A1/pictureHost/raw/master/20201202092839.png)

# 练习题目

**1. 查询” 01 “课程比” 02 “课程成绩高的学生的信息及课程分数**

```
-- 1.以sid相等为条件，将sc表列名cid为'01'与列名为'02'的自关联起来
-- 查询结果：用唯一确定的学号，关联起课程'01'成绩和课程'02'成绩的表
SELECT
	sc_01.sid, sc_01.score score_01, sc_02.score score_02
FROM
	(SELECT sid, score FROM sc WHERE cid = '01') sc_01,
	(SELECT sid, score FROM sc WHERE cid = '02') sc_02
WHERE
	sc_01.sid = sc_02.sid;
/*
+------+----------+----------+
| sid  | score_01 | score_02 |
+------+----------+----------+
| 01   |     80.0 |     90.0 |
| 02   |     70.0 |     60.0 |
| 03   |     80.0 |     80.0 |
| 04   |     50.0 |     30.0 |
| 05   |     76.0 |     87.0 |
+------+----------+----------+
5 rows in set (0.00 sec)
*/

-- 2. 筛选出课程'01'成绩大于课程'02'成绩的记录
SELECT
	sc_01.sid, sc_01.score score_01, sc_02.score score_02
FROM
	(SELECT sid, score FROM sc WHERE cid = '01') sc_01,
	(SELECT sid, score FROM sc WHERE cid = '02') sc_02,
	student s
WHERE
	sc_01.sid = sc_02.sid AND sc_01.score > sc_02.score;
/*
+------+----------+----------+
| sid  | score_01 | score_02 |
+------+----------+----------+
| 02   |     70.0 |     60.0 |
| 04   |     50.0 |     30.0 |
+------+----------+----------+
2 rows in set (0.00 sec)
*/

-- 3.将上面的表与student表内连接，以sid相等为条件
SELECT
	st.*, s.score_01, s.score_02
FROM
	student st
INNER JOIN
	(SELECT
		sc_01.sid sid, sc_01.score score_01, sc_02.score score_02
	FROM
		(SELECT sid, score FROM sc WHERE cid = '01') sc_01,
		(SELECT sid, score FROM sc WHERE cid = '02') sc_02
	WHERE
		sc_01.sid = sc_02.sid AND sc_01.score > sc_02.score) s
ON
	st.sid = s.sid;
/*
+------+-------+---------------------+------+----------+----------+
| Sid  | Sname | Sage                | Ssex | score_01 | score_02 |
+------+-------+---------------------+------+----------+----------+
| 02   | 钱电  | 1990-12-21 00:00:00 | 男   |     70.0 |     60.0 |
| 04   | 李云  | 1990-08-06 00:00:00 | 男   |     50.0 |     30.0 |
+------+-------+---------------------+------+----------+----------+
2 rows in set (0.00 sec)
*/
```

**2. 查询平均成绩大于等于 60 分的同学的学生编号和学生姓名和平均成绩**

```
-- 1.以sid相等为条件将student表和sc表合并
SELECT
	s.`Sid` sid, s.`Sname` Sname, sc.`score` score
FROM
	student s,
	sc
WHERE
	s.`Sid` = sc.`Sid`;
/*
+------+-------+-------+
| sid  | Sname | score |
+------+-------+-------+
| 01   | 赵雷  |  80.0 |
| 01   | 赵雷  |  90.0 |
| 01   | 赵雷  |  99.0 |
| 02   | 钱电  |  70.0 |
| 02   | 钱电  |  60.0 |
|	 	......		 |	
|		......		 |
+------+-------+-------+
18 rows in set (0.00 sec)
*/

-- 2.以sid为条件使用聚合函数计算平均score
SELECT
	s.`Sid` Sid, s.`Sname` Sname, AVG(sc.`score`) avg_score
FROM
	student s,
	sc
WHERE
	s.`Sid` = sc.`Sid`
GROUP BY
	Sid;
/*
+------+-------+-----------+
| Sid  | Sname | avg_score |
+------+-------+-----------+
| 01   | 赵雷  |  89.66667 |
| 02   | 钱电  |  70.00000 |
| 03   | 孙风  |  80.00000 |
| 04   | 李云  |  33.33333 |
| 05   | 周梅  |  81.50000 |
| 06   | 吴兰  |  32.50000 |
| 07   | 郑竹  |  93.50000 |
+------+-------+-----------+
7 rows in set (0.00 sec)
*/

-- 3.使用having筛选出成绩大于60的记录
SELECT
	s.`Sid` Sid, s.`Sname` Sname, AVG(sc.`score`) avg_score
FROM
	student s,
	sc
WHERE
	s.`Sid` = sc.`Sid`
GROUP BY
	Sid
HAVING
	avg_score > 60;
/*
+------+-------+-----------+
| Sid  | Sname | avg_score |
+------+-------+-----------+
| 01   | 赵雷  |  89.66667 |
| 02   | 钱电  |  70.00000 |
| 03   | 孙风  |  80.00000 |
| 05   | 周梅  |  81.50000 |
| 07   | 郑竹  |  93.50000 |
+------+-------+-----------+
5 rows in set (0.00 sec)
*/
```

**3. 查询在 SC 表存在成绩的学生信息**

```
-- 1.查询sc表中成绩不为空的学号，并除去重复
SELECT DISTINCT sid FROM sc WHERE score IS NOT NULL;
/*
+------+
| sid  |
+------+
| 01   |
| 02   |
| 03   |
| 04   |
| 05   |
| 06   |
| 07   |
+------+
7 rows in set (0.00 sec)
*/
	
-- 2.查询student表中学号在上面表中存在的所有学生信息
SELECT
	st.*
FROM
	student st
WHERE
	st.sid IN (SELECT DISTINCT sid FROM sc WHERE score IS NOT NULL);
/*
+------+-------+---------------------+------+
| Sid  | Sname | Sage                | Ssex |
+------+-------+---------------------+------+
| 01   | 赵雷  | 1990-01-01 00:00:00 | 男   |
| 02   | 钱电  | 1990-12-21 00:00:00 | 男   |
| 03   | 孙风  | 1990-05-20 00:00:00 | 男   |
| 04   | 李云  | 1990-08-06 00:00:00 | 男   |
| 05   | 周梅  | 1991-12-01 00:00:00 | 女   |
| 06   | 吴兰  | 1992-03-01 00:00:00 | 女   |
| 07   | 郑竹  | 1989-07-01 00:00:00 | 女   |
+------+-------+---------------------+------+
7 rows in set (0.00 sec)
*/
```

**4. 查询所有同学的学生编号、学生姓名、选课总数、所有课程的总成绩(没成绩的显示为 null )**

```
-- 1.将student表与sc表，以sid相等为条件左外连接
SELECT
	st.`Sid` AS Sid, st.`Sname` AS Sname, sc.`Cid` AS Cid, sc.`score` AS Score
FROM
	student st
LEFT OUTER JOIN
	sc
ON
	st.`Sid` = sc.`Sid`;
/*
+------+-------+------+-------+
| Sid  | Sname | Cid  | Score |
+------+-------+------+-------+
| 01   | 赵雷  | 01   |  80.0 |
| 01   | 赵雷  | 02   |  90.0 |
| 01   | 赵雷  | 03   |  99.0 |
| 02   | 钱电  | 01   |  70.0 |
        ......  ......
| 08   | 王菊  | NULL |  NULL |
+------+-------+------+-------+
19 rows in set (0.00 sec)
*/
	
-- 2.以sid为条件使用聚合函数分别计算Cid列的总个数，和Score列的总和
SELECT
	st.`Sid` AS Sid, 
	st.`Sname` AS Sname, 
	COUNT(sc.`Cid`) AS Course_sum, 
	SUM(sc.`score`) AS Score_total
FROM
	student st
LEFT OUTER JOIN
	sc
ON
	st.`Sid` = sc.`Sid`
GROUP BY
	Sid;
/*
+------+-------+------------+-------------+
| Sid  | Sname | Course_sum | Score_total |
+------+-------+------------+-------------+
| 01   | 赵雷  |          3 |       269.0 |
| 02   | 钱电  |          3 |       210.0 |
| 03   | 孙风  |          3 |       240.0 |
| 04   | 李云  |          3 |       100.0 |
| 05   | 周梅  |          2 |       163.0 |
| 06   | 吴兰  |          2 |        65.0 |
| 07   | 郑竹  |          2 |       187.0 |
| 08   | 王菊  |          0 |        NULL |
+------+-------+------------+-------------+
8 rows in set (0.00 sec)
*/
```

**4.1 在上题的基础上，仅查有总成绩的学生的编号、名字、选课总数、总成绩、及其三门课程的成绩**

```
-- 1.将student表与sc表内连接
SELECT
	st.`Sid` AS Sid,
	st.`Sname` AS Sname,
	sc.`Cid` AS Cid,
	sc.`score` AS Scoure
FROM
	student st,
	sc
WHERE
	st.`Sid` = sc.`Sid`;
/*
+------+-------+------+--------+
| Sid  | Sname | Cid  | Scoure |
+------+-------+------+--------+
| 01   | 赵雷  | 01   |   80.0 |
| 01   | 赵雷  | 02   |   90.0 |
| 01   | 赵雷  | 03   |   99.0 |
| 02   | 钱电  | 01   |   70.0 |
	......  ......
| 07   | 郑竹  | 03   |   98.0 |
+------+-------+------+--------+
18 rows in set (0.00 sec)
*/
	
-- 2.以sid为条件使用聚合函数分别计算课程总个数、和课程总分数
SELECT
	st.`Sid` AS Sid,
	st.`Sname` AS Sname,
	COUNT(sc.`Cid`) AS Course_sum,
	SUM(sc.`score`) AS Score_total
FROM
	student st,
	sc
WHERE
	st.`Sid` = sc.`Sid`
GROUP BY
	Sid;
/*
+------+-------+------------+-------------+
| Sid  | Sname | Course_sum | Score_total |
+------+-------+------------+-------------+
| 01   | 赵雷  |          3 |       269.0 |
| 02   | 钱电  |          3 |       210.0 |
| 03   | 孙风  |          3 |       240.0 |
| 04   | 李云  |          3 |       100.0 |
| 05   | 周梅  |          2 |       163.0 |
| 06   | 吴兰  |          2 |        65.0 |
| 07   | 郑竹  |          2 |       187.0 |
+------+-------+------------+-------------+
7 rows in set (0.00 sec)
*/
	
-- 3.在聚合函数的基础上，使用case when then else end语句来确定每个学生的每科成绩
SELECT
	st.`Sid` AS Sid,
	st.`Sname` AS Sname,
	COUNT(sc.`Cid`) AS Course_sum,
	SUM(sc.`score`) AS Score_total,
	SUM(CASE WHEN cid = '01' THEN score ELSE NULL END) AS Score_01,
	SUM(CASE WHEN cid = '02' THEN score ELSE NULL END) AS Score_02,
	SUM(CASE WHEN cid = '03' THEN score ELSE NULL END) AS Score_03
FROM
	student st,
	sc
WHERE
	st.`Sid` = sc.`Sid`
GROUP BY
	Sid;
/*
+------+-------+------------+-------------+----------+----------+----------+
| Sid  | Sname | Course_sum | Score_total | Score_01 | Score_02 | Score_03 |
+------+-------+------------+-------------+----------+----------+----------+
| 01   | 赵雷  |          3 |       269.0 |     80.0 |     90.0 |     99.0 |
| 02   | 钱电  |          3 |       210.0 |     70.0 |     60.0 |     80.0 |
| 03   | 孙风  |          3 |       240.0 |     80.0 |     80.0 |     80.0 |
| 04   | 李云  |          3 |       100.0 |     50.0 |     30.0 |     20.0 |
| 05   | 周梅  |          2 |       163.0 |     76.0 |     87.0 |     NULL |
| 06   | 吴兰  |          2 |        65.0 |     31.0 |     NULL |     34.0 |
| 07   | 郑竹  |          2 |       187.0 |     NULL |     89.0 |     98.0 |
+------+-------+------------+-------------+----------+----------+----------+
7 rows in set (0.00 sec)
*/
```

**5. 查询「李」姓老师的数量**

```
-- 1.查询出所有【李】姓老师
SELECT
	Tname
FROM
	teacher
WHERE
	Tname LIKE '张%';
/*
+-------+
| Tname |
+-------+
| 张三  |
+-------+
1 row in set (0.00 sec)
*/
	
-- 2.使用聚合函数，计算【李】姓老师的数量
SELECT
	COUNT(Tname)
FROM
	teacher
WHERE
	Tname LIKE '张%';
/*
+--------------+
| COUNT(Tname) |
+--------------+
|            1 |
+--------------+
1 row in set (0.00 sec)
*/
```

**6. 查询学过「张三」老师授课的同学的信息**

```
-- 方法一
SELECT
	*
FROM 
	student 
WHERE
	sid IN (
		SELECT 
			sid 
		FROM 
			sc, 
			course, 
			teacher
		WHERE 
			sc.cid = course.cid
			AND 
			course.tid = teacher.tid
			AND 
			tname = '张三');
/*
+------+-------+---------------------+------+
| Sid  | Sname | Sage                | Ssex |
+------+-------+---------------------+------+
| 01   | 赵雷  | 1990-01-01 00:00:00 | 男   |
| 02   | 钱电  | 1990-12-21 00:00:00 | 男   |
| 03   | 孙风  | 1990-05-20 00:00:00 | 男   |
| 04   | 李云  | 1990-08-06 00:00:00 | 男   |
| 05   | 周梅  | 1991-12-01 00:00:00 | 女   |
| 07   | 郑竹  | 1989-07-01 00:00:00 | 女   |
+------+-------+---------------------+------+
6 rows in set (0.00 sec)
*/
			
-- 方法二
SELECT
	DISTINCT st.*
FROM
	student st,
	sc,
	Course c,
	teacher t
WHERE
	t.`Tname` = '张三'
	AND
	t.`Tid` = c.`Tid`
	AND
	c.`Cid` = sc.`Cid`
	AND
	sc.sid = st.sid;
/*
+------+-------+---------------------+------+
| Sid  | Sname | Sage                | Ssex |
+------+-------+---------------------+------+
| 01   | 赵雷  | 1990-01-01 00:00:00 | 男   |
| 02   | 钱电  | 1990-12-21 00:00:00 | 男   |
| 03   | 孙风  | 1990-05-20 00:00:00 | 男   |
| 04   | 李云  | 1990-08-06 00:00:00 | 男   |
| 05   | 周梅  | 1991-12-01 00:00:00 | 女   |
| 07   | 郑竹  | 1989-07-01 00:00:00 | 女   |
+------+-------+---------------------+------+
6 rows in set (0.00 sec)
*/
```

原作者的写法里面用到了等号 =，虽然得到同样的结果，但是这样写不太好，因为不确定张三老师是不是只教授一门课（只不过现在的数据量太小了而已），in 适用于一个或多个返回结果的情况，适应性比等号更广。

```
select * from Student
where sid in(select distinct Sid from SC
where cid=(select Cid from Course
where Tid=(select Tid from Teacher where Tname='张三')))
```

**7. 查询没有学全所有课程的同学的信息**

```
SELECT
	*
FROM
	student
WHERE
	sid IN (SELECT
			sid
		FROM
			sc
		GROUP BY
			sid
		HAVING
			COUNT(cid) < 3);
/*
+------+-------+---------------------+------+
| Sid  | Sname | Sage                | Ssex |
+------+-------+---------------------+------+
| 05   | 周梅  | 1991-12-01 00:00:00 | 女   |
| 06   | 吴兰  | 1992-03-01 00:00:00 | 女   |
| 07   | 郑竹  | 1989-07-01 00:00:00 | 女   |
+------+-------+---------------------+------+
3 rows in set (0.00 sec)
*/
```

**8. 查询和” 01 “号的同学学习的课程完全相同的其他同学的信息**
这道题号称是所有题目里最难的一道，我虽然做了出来，但是写法很麻烦，不必要。原作者写的很简洁：

```
SELECT
	*
FROM
	student
WHERE
	sid IN (SELECT
			sid
		FROM
			sc
		WHERE
			Cid IN (SELECT Cid FROM sc WHERE sid = '01')
			AND
			sid != '01'
			GROUP BY
				sid
			HAVING
				COUNT(Cid) = 3
		);
/*
+------+-------+---------------------+------+
| Sid  | Sname | Sage                | Ssex |
+------+-------+---------------------+------+
| 02   | 钱电  | 1990-12-21 00:00:00 | 男   |
| 03   | 孙风  | 1990-05-20 00:00:00 | 男   |
| 04   | 李云  | 1990-08-06 00:00:00 | 男   |
+------+-------+---------------------+------+
3 rows in set (0.00 sec)
*/
```

**9. 查询至少有一门课与学号为” 01 “的同学所学相同的同学的信息**

```
SELECT
	*
FROM
	student
WHERE
	sid IN (
		SELECT
			DISTINCT sid
		FROM
			sc
		WHERE
			cid IN (SELECT cid FROM sc WHERE sid = '01')
	);
/*
+------+-------+---------------------+------+
| Sid  | Sname | Sage                | Ssex |
+------+-------+---------------------+------+
| 01   | 赵雷  | 1990-01-01 00:00:00 | 男   |
| 02   | 钱电  | 1990-12-21 00:00:00 | 男   |
| 03   | 孙风  | 1990-05-20 00:00:00 | 男   |
| 04   | 李云  | 1990-08-06 00:00:00 | 男   |
| 05   | 周梅  | 1991-12-01 00:00:00 | 女   |
| 06   | 吴兰  | 1992-03-01 00:00:00 | 女   |
| 07   | 郑竹  | 1989-07-01 00:00:00 | 女   |
+------+-------+---------------------+------+
7 rows in set (0.00 sec)
*/
```

**10. 查询没学过”张三”老师讲授的任一门课程的学生姓名**

一般涉及到”任意”的都会用到not in这样的取反的结构：

```
-- 作者的答案
SELECT
	sname
FROM
	student
WHERE
	sname NOT IN (
		SELECT
			s.Sname
		FROM
			student AS s,
			course AS c,
			teacher AS t,
			sc
		WHERE
			s.sid = sc.`Sid`
			AND
			sc.`Cid` = c.`Cid`
			AND
			c.tid = t.`Tid`
			AND
			t.tname = '张三'
		);
/*
+-------+
| sname |
+-------+
| 吴兰  |
| 王菊  |
+-------+
2 rows in set (0.00 sec)
*/

-- 我的答案
SELECT
	Sname
FROM
	student
WHERE
	sid NOT IN (SELECT
			DISTINCT sid
		FROM
			sc
		WHERE
			cid = (SELECT 
					cid 
				FROM 
					course 
				WHERE 
					tid = (SELECT 
							tid 
						FROM 
							teacher 
						WHERE 
							tname = '张三'
                          )
                  )
			
		);
/*
+-------+
| Sname |
+-------+
| 吴兰  |
| 王菊  |
+-------+
2 rows in set (0.00 sec)
*/
```

**11. 查询两门及其以上不及格课程的同学的学号，姓名及其平均成绩**

```
-- 作者的答案
SELECT 
	s.sid, 
	s.sname, 
	AVG(score)
FROM 
	student AS s, 
	sc
WHERE 
	s.sid = sc.sid 
	AND 
	score<60
GROUP BY 
	s.sid
HAVING 
	COUNT(score)>=2;
/*
+------+-------+------------+
| sid  | sname | AVG(score) |
+------+-------+------------+
| 04   | 李云  |   33.33333 |
| 06   | 吴兰  |   32.50000 |
+------+-------+------------+
2 rows in set (0.00 sec)
*/

-- 自己的答案
SELECT
	st.Sid AS Sid, 
	Sname, 
	sc_01.avg_score AS avg_score
FROM
	student st,
	(SELECT
		sid, 
		AVG(score) AS avg_score
	FROM
		sc
	WHERE
		score < 60
	GROUP BY
		sid
	HAVING
		COUNT(cid) >= 2) sc_01
WHERE
	st.`Sid` = sc_01.sid;
/*
+------+-------+-----------+
| Sid  | Sname | avg_score |
+------+-------+-----------+
| 04   | 李云  |  33.33333 |
| 06   | 吴兰  |  32.50000 |
+------+-------+-----------+
2 rows in set (0.00 sec)
*/
```

**12. 检索” 01 “课程分数小于 60，按分数降序排列的学生信息**

```
-- 终于作者的答案和我的答案一致了
SELECT
	st.*,sc.`score`
FROM
	student AS st,
	sc
WHERE
	sc.`score` < 60
	AND
	st.`Sid` = sc.`Sid`
	AND
	sc.`Cid` = '01'
ORDER BY
	sc.`score` DESC;
/*
+------+-------+---------------------+------+-------+
| Sid  | Sname | Sage                | Ssex | score |
+------+-------+---------------------+------+-------+
| 04   | 李云  | 1990-08-06 00:00:00 | 男   |  50.0 |
| 06   | 吴兰  | 1992-03-01 00:00:00 | 女   |  31.0 |
+------+-------+---------------------+------+-------+
2 rows in set (0.00 sec)
*/
```

**13. 按平均成绩从高到低显示所有学生的所有课程的成绩以及平均成绩**

```
SELECT
	sid,
	SUM(CASE
		WHEN cid = '01'
		THEN score
		ELSE NULL
		END) AS score_01,
	SUM(CASE
		WHEN cid = '02'
		THEN score
		ELSE NULL
		END) AS score_02,
	SUM(CASE
		WHEN cid = '03'
		THEN score
		ELSE NULL
		END) AS score_03,
	AVG(score)
FROM
	sc
GROUP BY sid
ORDER BY AVG(score) DESC;
/*
+------+----------+----------+----------+------------+
| sid  | score_01 | score_02 | score_03 | AVG(score) |
+------+----------+----------+----------+------------+
| 07   |     NULL |     89.0 |     98.0 |   93.50000 |
| 01   |     80.0 |     90.0 |     99.0 |   89.66667 |
| 05   |     76.0 |     87.0 |     NULL |   81.50000 |
| 03   |     80.0 |     80.0 |     80.0 |   80.00000 |
| 02   |     70.0 |     60.0 |     80.0 |   70.00000 |
| 04   |     50.0 |     30.0 |     20.0 |   33.33333 |
| 06   |     31.0 |     NULL |     34.0 |   32.50000 |
+------+----------+----------+----------+------------+
7 rows in set (0.00 sec)
*/
```

**14. 查询各科成绩最高分、最低分和平均分，以如下形式显示：课程 ID，课程 name，最高分，最低分，平均分，及格率，中等率，优良率，优秀率(及格为>=60，中等为：70-80，优良为：80-90，优秀为：>=90）。
要求输出课程号和选修人数，查询结果按人数降序排列，若人数相同，按课程号升序排列**

这道题熟练掌握case和sum的用法就没什么问题

```
select c.cid as 课程号, c.cname as 课程名称, count(*) as 选修人数,
    max(score) as 最高分, min(score) as 最低分, avg(score) as 平均分,
    sum(case when score >= 60 then 1 else 0 end)/count(*) as 及格率,
    sum(case when score >= 70 and score < 80 then 1 else 0 end)/count(*) as 中等率,
    sum(case when score >= 80 and score < 90 then 1 else 0 end)/count(*) as 优良率,
    sum(case when score >= 90 then 1 else 0 end)/count(*) as 优秀率
from sc, course c
where c.cid = sc.cid
group by c.cid
order by count(*) desc, c.cid asc
12345678910
+-----------+--------------+--------------+-----------+-----------+-----------+-----------+-----------+-----------+-----------+
| 课程号    | 课程名称      | 选修人数      | 最高分     | 最低分    | 平均分     | 及格率    | 中等率    | 优良率     | 优秀率     |
+-----------+--------------+--------------+-----------+-----------+-----------+-----------+-----------+-----------+-----------+
| 01        | 语文         |            6 |      80.0 |      31.0 |  64.50000 |    0.6667 |    0.3333 |    0.3333 |    0.0000 |
| 02        | 数学         |            6 |      90.0 |      30.0 |  72.66667 |    0.8333 |    0.0000 |    0.5000 |    0.1667 |
| 03        | 英语         |            6 |      99.0 |      20.0 |  68.50000 |    0.6667 |    0.0000 |    0.3333 |    0.3333 |
+-----------+--------------+--------------+-----------+-----------+-----------+-----------+-----------+-----------+-----------+
3 rows in set (0.00 sec)
12345678
```

原作者的写法本质上和我是相同的，但是用了很多left join看起来有些冗余

```
select distinct A.Cid,Cname,最高分,最低分,平均分,及格率,中等率,优良率,优秀率 from SC A
left join Course on A.Cid=Course.Cid
left join (select Cid,MAX(score)最高分,MIN(score)最低分,AVG(score)平均分 from SC group by Cid)B on A.Cid=B.Cid
left join (select Cid,(convert(decimal(5,2),(sum(case when score>=60 then 1 else 0 end)*1.00)/COUNT(*))*100)及格率 from SC group by Cid)C on A.Cid=C.Cid
left join (select Cid,(convert(decimal(5,2),(sum(case when score >=70 and score<80 then 1 else 0 end)*1.00)/COUNT(*))*100)中等率 from SC group by Cid)D on A.Cid=D.Cid
left join (select Cid,(convert(decimal(5,2),(sum(case when score >=80 and score<90 then 1 else 0 end)*1.00)/COUNT(*))*100)优良率 from SC group by Cid)E on A.Cid=E.Cid
left join (select Cid,(convert(decimal(5,2),(sum(case when score >=90 then 1 else 0 end)*1.00)/COUNT(*))*100)优秀率
from SC group by Cid)F on A.Cid=F.Cid
12345678
```

**15. 按平均成绩进行排序，显示总排名和各科排名，Score 重复时保留名次空缺**

原题目是按各科成绩进行排序，并显示排名， Score 重复时保留名次空缺。但是我没看明白什么意思，各科成绩如何排序？语文分数和数学分数有可比性吗？作者的写法是`select *,RANK()over(order by score desc)排名 from SC`，把所有的成绩都放到一块儿排序了，这没有意义，不可比。于是我修改了一下题目。

```
select s.*, rank_01, rank_02, rank_03, rank_total
from student s
left join (select sid, rank() over(partition by cid order by score desc) as rank_01 from sc where cid=01) A on s.sid=A.sid
left join (select sid, rank() over(partition by cid order by score desc) as rank_02 from sc where cid=02) B on s.sid=B.sid
left join (select sid, rank() over(partition by cid order by score desc) as rank_03 from sc where cid=03) C on s.sid=C.sid
left join (select sid, rank() over(order by avg(score) desc) as rank_total from sc group by sid) D on s.sid=D.sid
order by rank_total asc
1234567
+------+--------+---------------------+------+---------+---------+---------+------------+
| Sid  | Sname  | Sage                | Ssex | rank_01 | rank_02 | rank_03 | rank_total |
+------+--------+---------------------+------+---------+---------+---------+------------+
| 08   | 王菊   | 1990-01-20 00:00:00 | 女   |    NULL |    NULL |    NULL |       NULL |
| 07   | 郑竹   | 1989-07-01 00:00:00 | 女   |    NULL |       2 |       2 |          1 |
| 01   | 赵雷   | 1990-01-01 00:00:00 | 男   |       1 |       1 |       1 |          2 |
| 05   | 周梅   | 1991-12-01 00:00:00 | 女   |       3 |       3 |    NULL |          3 |
| 03   | 孙风   | 1990-05-20 00:00:00 | 男   |       1 |       4 |       3 |          4 |
| 02   | 钱电   | 1990-12-21 00:00:00 | 男   |       4 |       5 |       3 |          5 |
| 04   | 李云   | 1990-08-06 00:00:00 | 男   |       5 |       6 |       6 |          6 |
| 06   | 吴兰   | 1992-03-01 00:00:00 | 女   |       6 |    NULL |       5 |          7 |
+------+--------+---------------------+------+---------+---------+---------+------------+
8 rows in set (0.00 sec)
12345678910111213
```

**15.1 按平均成绩进行排序，显示总排名和各科排名，Score 重复时合并名次**

同样修改了一下题目。15题和15.1题的指向很明确了，就是rank()和dense_rank()的区别，也就是两个并列第一名之后的那个人是第三名(rank)还是第二名(dense_rank)的区别。

```
select s.*, rank_01, rank_02, rank_03, rank_total
from student s
left join (select sid, dense_rank() over(partition by cid order by score desc) as rank_01 from sc where cid=01) A on s.sid=A.sid
left join (select sid, dense_rank() over(partition by cid order by score desc) as rank_02 from sc where cid=02) B on s.sid=B.sid
left join (select sid, dense_rank() over(partition by cid order by score desc) as rank_03 from sc where cid=03) C on s.sid=C.sid
left join (select sid, dense_rank() over(order by avg(score) desc) as rank_total from sc group by sid) D on s.sid=D.sid
order by rank_total asc
1234567
+------+--------+---------------------+------+---------+---------+---------+------------+
| Sid  | Sname  | Sage                | Ssex | rank_01 | rank_02 | rank_03 | rank_total |
+------+--------+---------------------+------+---------+---------+---------+------------+
| 08   | 王菊   | 1990-01-20 00:00:00 | 女   |    NULL |    NULL |    NULL |       NULL |
| 07   | 郑竹   | 1989-07-01 00:00:00 | 女   |    NULL |       2 |       2 |          1 |
| 01   | 赵雷   | 1990-01-01 00:00:00 | 男   |       1 |       1 |       1 |          2 |
| 05   | 周梅   | 1991-12-01 00:00:00 | 女   |       2 |       3 |    NULL |          3 |
| 03   | 孙风   | 1990-05-20 00:00:00 | 男   |       1 |       4 |       3 |          4 |
| 02   | 钱电   | 1990-12-21 00:00:00 | 男   |       3 |       5 |       3 |          5 |
| 04   | 李云   | 1990-08-06 00:00:00 | 男   |       4 |       6 |       5 |          6 |
| 06   | 吴兰   | 1992-03-01 00:00:00 | 女   |       5 |    NULL |       4 |          7 |
+------+--------+---------------------+------+---------+---------+---------+------------+
8 rows in set (0.00 sec)
12345678910111213
```

**17. 统计各科成绩各分数段人数：课程编号，课程名称，[100-85]，[85-70]，[70-60]，[60-0] 及所占百分比**

```
select c.cid as 课程编号, c.cname as 课程名称, A.*
from course as c,
(select cid,
    sum(case when score >= 85 then 1 else 0 end)/count(*) as 100_85,
    sum(case when score >= 70 and score < 85 then 1 else 0 end)/count(*) as 85_70,
    sum(case when score >= 60 and score < 70 then 1 else 0 end)/count(*) as 70_60,
    sum(case when score < 60 then 1 else 0 end)/count(*) as 60_0
from sc group by cid) as A
where c.cid = A.cid
123456789
+--------------+--------------+------+--------+--------+--------+--------+
| 课程编号     | 课程名称      | cid  | 100_85 | 85_70  | 70_60  | 60_0   |
+--------------+--------------+------+--------+--------+--------+--------+
| 01           | 语文         | 01   | 0.0000 | 0.6667 | 0.0000 | 0.3333 |
| 02           | 数学         | 02   | 0.5000 | 0.1667 | 0.1667 | 0.1667 |
| 03           | 英语         | 03   | 0.3333 | 0.3333 | 0.0000 | 0.3333 |
+--------------+--------------+------+--------+--------+--------+--------+
3 rows in set (0.00 sec)
12345678
```

**18. 查询各科成绩前三名的记录**

这是我比较喜欢的一道题目，非常经典。

```
select * from (select *, rank() over(partition by cid order by score desc) as graderank from sc) A 
where A.graderank <= 3
12
| Sid  | Cid  | score | graderank |
+------+------+-------+-----------+
| 01   | 01   |  80.0 |         1 |
| 03   | 01   |  80.0 |         1 |
| 05   | 01   |  76.0 |         3 |
| 01   | 02   |  90.0 |         1 |
| 07   | 02   |  89.0 |         2 |
| 05   | 02   |  87.0 |         3 |
| 01   | 03   |  99.0 |         1 |
| 07   | 03   |  98.0 |         2 |
| 02   | 03   |  80.0 |         3 |
| 03   | 03   |  80.0 |         3 |
+------+------+-------+-----------+
10 rows in set (0.00 sec)
1234567891011121314
```

**20. 查询出只选修两门课程的学生学号和姓名**

```
select s.sid, s.sname, count(cid)
from student s, sc
where s.sid = sc.sid
group by s.sid
having count(cid)=2
12345
+------+--------+------------+
| sid  | sname  | count(cid) |
+------+--------+------------+
| 05   | 周梅   |          2 |
| 06   | 吴兰   |          2 |
| 07   | 郑竹   |          2 |
+------+--------+------------+
3 rows in set (0.00 sec)
12345678
```

**22. 查询名字中含有「风」字的学生信息**

```
select * from student where sname like '%风%'
1
+------+--------+---------------------+------+
| Sid  | Sname  | Sage                | Ssex |
+------+--------+---------------------+------+
| 03   | 孙风   | 1990-05-20 00:00:00 | 男   |
+------+--------+---------------------+------+
1 row in set (0.00 sec)
123456
```

**24. 查询 1990 年出生的学生名单**

```
select * from student where year(sage) = 1990
1
+------+--------+---------------------+------+
| Sid  | Sname  | Sage                | Ssex |
+------+--------+---------------------+------+
| 01   | 赵雷   | 1990-01-01 00:00:00 | 男   |
| 02   | 钱电   | 1990-12-21 00:00:00 | 男   |
| 03   | 孙风   | 1990-05-20 00:00:00 | 男   |
| 04   | 李云   | 1990-08-06 00:00:00 | 男   |
| 08   | 王菊   | 1990-01-20 00:00:00 | 女   |
+------+--------+---------------------+------+
5 rows in set (0.00 sec)
12345678910
```

**33. 成绩不重复，查询选修「张三」老师所授课程的学生中，成绩最高的学生信息及其成绩**

```
select s.*, max(score)
from student s, teacher t, course c, sc
where s.sid = sc.sid
    and sc.cid = c.cid
    and c.tid = t.tid
    and t.tname = '张三'
123456
+------+--------+---------------------+------+------------+
| Sid  | Sname  | Sage                | Ssex | max(score) |
+------+--------+---------------------+------+------------+
| 01   | 赵雷   | 1990-01-01 00:00:00 | 男   |       90.0 |
+------+--------+---------------------+------+------------+
1 row in set (0.00 sec)
123456
```

**34. 成绩有重复的情况下，查询选修「张三」老师所授课程的学生中，成绩最高的学生信息及其成绩**

```
select * from (
    select *, DENSE_RANK() over (order by score desc) A
    from SC
    where Cid = (select Cid from Course where Tid=(select Tid from Teacher where Tname='张三'))
) B
where B.A=1
123456
+------+------+-------+---+
| Sid  | Cid  | score | A |
+------+------+-------+---+
| 01   | 02   |  90.0 | 1 |
+------+------+-------+---+
1 row in set (0.00 sec)
123456
```

**40. 查询各学生的年龄，只按年份来算**

```
select sname, year(now())-year(sage) as age from student
1
+--------+------+
| sname  | age  |
+--------+------+
| 赵雷   |   28 |
| 钱电   |   28 |
| 孙风   |   28 |
| 李云   |   28 |
| 周梅   |   27 |
| 吴兰   |   26 |
| 郑竹   |   29 |
| 王菊   |   28 |
+--------+------+
8 rows in set (0.00 sec)
12345678910111213
```

**41. 按照出生日期来算，当前月日 < 出生年月的月日则，年龄减一**

```
select sname, timestampdiff(year, sage, now()) as age from student
1
+--------+------+
| sname  | age  |
+--------+------+
| 赵雷   |   28 |
| 钱电   |   27 |
| 孙风   |   28 |
| 李云   |   27 |
| 周梅   |   26 |
| 吴兰   |   26 |
| 郑竹   |   29 |
| 王菊   |   28 |
+--------+------+
8 rows in set (0.00 sec)  
12345678910111213
```

**42. 查询本周过生日的学生**

```
select * from student where week(now()) = week(sage)
1
Empty set (0.00 sec)
1
```

**43. 查询下周过生日的学生**

```
select * from student where (week(now())+1) = week(sage)
1
+------+--------+---------------------+------+
| Sid  | Sname  | Sage                | Ssex |
+------+--------+---------------------+------+
| 04   | 李云   | 1990-08-06 00:00:00 | 男   |
+------+--------+---------------------+------+
1 row in set (0.00 sec)
123456
```

**44. 查询本月过生日的学生**

```
select * from student where month(now()) = month(sage)
1
+------+--------+---------------------+------+
| Sid  | Sname  | Sage                | Ssex |
+------+--------+---------------------+------+
| 07   | 郑竹   | 1989-07-01 00:00:00 | 女   |
+------+--------+---------------------+------+
1 row in set (0.00 sec)
123456
```

**45. 查询下月过生日的学生**

```
select * from student where (month(now())+1) = month(sage)
1
+------+--------+---------------------+------+
| Sid  | Sname  | Sage                | Ssex |
+------+--------+---------------------+------+
| 04   | 李云   | 1990-08-06 00:00:00 | 男   |
+------+--------+---------------------+------+
1 row in set (0.00 sec)
```